{"cameraMode":{"drawMode":0,"name":"Shaded","section":"Shading Mode"},"sceneLighting":true,"audioPlay":false,"sceneViewState":{"showFog":true,"showMaterialUpdate":false,"showSkybox":true,"showFlares":true,"showImageEffects":true,"showParticleSystems":true},"in2DMode":false,"pivot":{"x":6.355894088745117,"y":0.09590005874633789,"z":5.457278251647949},"rotation":{"x":0.14644940197467805,"y":0.2784542441368103,"z":-0.042982667684555057,"w":0.9483603835105896},"size":8.314321517944336,"orthographic":false}