{"cameraMode":{"drawMode":0,"name":"Shaded","section":"Shading Mode"},"sceneLighting":true,"audioPlay":false,"sceneViewState":{"showFog":true,"showMaterialUpdate":false,"showSkybox":true,"showFlares":true,"showImageEffects":true,"showParticleSystems":true},"in2DMode":false,"pivot":{"x":448.3069763183594,"y":303.25909423828127,"z":102.535888671875},"rotation":{"x":-0.06964193284511566,"y":-0.009166652336716652,"z":0.0006416166434064508,"w":-0.9975680708885193},"size":152.51463317871095,"orthographic":false}