{"cameraMode":{"drawMode":0,"name":"Shaded","section":"Shading Mode"},"sceneLighting":true,"audioPlay":false,"sceneViewState":{"showFog":true,"showMaterialUpdate":false,"showSkybox":true,"showFlares":true,"showImageEffects":true,"showParticleSystems":true},"in2DMode":false,"pivot":{"x":-0.6183813810348511,"y":-1.8114001750946046,"z":0.08752918243408203},"rotation":{"x":0.1754738837480545,"y":-0.023627428337931634,"z":0.00417861994355917,"w":0.9843496084213257},"size":2.3473052978515627,"orthographic":false}