{"cameraMode":{"drawMode":0,"name":"Shaded","section":"Shading Mode"},"sceneLighting":true,"audioPlay":false,"sceneViewState":{"showFog":true,"showMaterialUpdate":false,"showSkybox":true,"showFlares":true,"showImageEffects":true,"showParticleSystems":true},"in2DMode":false,"pivot":{"x":-0.14641229808330537,"y":1.190950870513916,"z":2.798161745071411},"rotation":{"x":0.020307494327425958,"y":-0.012908927164971829,"z":0.00029250819352455437,"w":0.9998155236244202},"size":3.17724871635437,"orthographic":false}