{"cameraMode":{"drawMode":0,"name":"Shaded","section":"Shading Mode"},"sceneLighting":false,"audioPlay":false,"sceneViewState":{"showFog":true,"showMaterialUpdate":false,"showSkybox":false,"showFlares":true,"showImageEffects":true,"showParticleSystems":true},"in2DMode":false,"pivot":{"x":11.873281478881836,"y":12.848749160766602,"z":-13.252801895141602},"rotation":{"x":-0.36044901609420779,"y":0.5936123132705689,"z":-0.3361590504646301,"w":-0.6363864541053772},"size":0.5281647443771362,"orthographic":false}