{"cameraMode":{"drawMode":0,"name":"Shaded","section":"Shading Mode"},"sceneLighting":true,"audioPlay":false,"sceneViewState":{"showFog":true,"showMaterialUpdate":false,"showSkybox":true,"showFlares":true,"showImageEffects":true,"showParticleSystems":true},"in2DMode":false,"pivot":{"x":-0.32290399074554446,"y":3.1212310791015627,"z":0.8777819871902466},"rotation":{"x":0.0004770096857100725,"y":-0.9671148657798767,"z":0.2553146183490753,"w":0.0015613313298672438},"size":0.5213473439216614,"orthographic":false}