{"cameraMode":{"drawMode":0,"name":"Shaded","section":"Shading Mode"},"sceneLighting":true,"audioPlay":false,"sceneViewState":{"showFog":true,"showMaterialUpdate":false,"showSkybox":true,"showFlares":true,"showImageEffects":true,"showParticleSystems":true},"in2DMode":false,"pivot":{"x":-0.2314997911453247,"y":0.8324469327926636,"z":-0.10872256755828858},"rotation":{"x":0.19847364723682404,"y":-0.015581754967570305,"z":0.0031730839982628824,"w":0.9800664186477661},"size":4.128544807434082,"orthographic":false}