{"cameraMode":{"drawMode":0,"name":"Shaded","section":"Shading Mode"},"sceneLighting":true,"audioPlay":false,"sceneViewState":{"showFog":true,"showMaterialUpdate":false,"showSkybox":true,"showFlares":true,"showImageEffects":true,"showParticleSystems":true},"in2DMode":false,"pivot":{"x":0.009498059749603272,"y":1.2735763788223267,"z":-0.7886712551116943},"rotation":{"x":-0.2860605716705322,"y":0.10436463356018067,"z":-0.03135770931839943,"w":-0.9520014524459839},"size":1.2484846115112305,"orthographic":false}