{"cameraMode":{"drawMode":0,"name":"Shaded","section":"Shading Mode"},"sceneLighting":true,"audioPlay":false,"sceneViewState":{"showFog":true,"showMaterialUpdate":false,"showSkybox":true,"showFlares":true,"showImageEffects":true,"showParticleSystems":true},"in2DMode":false,"pivot":{"x":0.09098100662231446,"y":1.6244091987609864,"z":-0.19589769840240479},"rotation":{"x":0.4580835700035095,"y":0.4254184365272522,"z":-0.26561591029167178,"w":0.7339912056922913},"size":3.919438123703003,"orthographic":false}