{"cameraMode":{"drawMode":0,"name":"Shaded","section":"Shading Mode"},"sceneLighting":true,"audioPlay":false,"sceneViewState":{"showFog":true,"showMaterialUpdate":false,"showSkybox":true,"showFlares":true,"showImageEffects":true,"showParticleSystems":true},"in2DMode":false,"pivot":{"x":0.6084990501403809,"y":3.3668463230133058,"z":-0.06809043884277344},"rotation":{"x":-0.012119876220822335,"y":0.9871562719345093,"z":0.09066833555698395,"w":0.1319749504327774},"size":0.8038775324821472,"orthographic":false}